{
  "average_length_ig": 1183,
  "average_length_g": 991,
  "ig_nucleotides_freq": {
    "A": 0.265605439396336,
    "C": 0.24348642833846357,
    "G": 0.22590413586545968,
    "T": 0.26500399639974076
  },
  "g_codons_freq": {
    "ATG": 0.023487978523801765,
    "AAT": 0.01905464072701577,
    "GCG": 0.030596161323160963,
    "TTC": 0.01374689642154783,
    "AAA": 0.03594262473602442,
    "TTA": 0.01936439358617986,
    "GTA": 0.011059145049842784,
    "CAT": 0.012793438401933374,
    "TCT": 0.011183368852736715,
    "AAG": 0.013646872060776092,
    "ATT": 0.03106724379647301,
    "AAC": 0.020269452721549924,
    "TTT": 0.02574336652959027,
    "TTG": 0.02261679860740277,
    "TCG": 0.009190948118009386,
    "TCC": 0.005838518736014739,
    "ATC": 0.025304549979107815,
    "GGT": 0.02697108489325626,
    "TGG": 0.013140297072351492,
    "GAC": 0.014484172758204013,
    "CAA": 0.033346831244383715,
    "GCC": 0.022297365971389805,
    "GTC": 0.014487399350486974,
    "CCC": 0.005817545886175504,
    "AGT": 0.011565720038267384,
    "GGC": 0.025244858021873068,
    "GCT": 0.02106480771929938,
    "GAA": 0.03927569456432131,
    "CGC": 0.01763171353023075,
    "GAG": 0.024339798886503002,
    "CTT": 0.012788598513508935,
    "GTG": 0.028448864158851592,
    "CTA": 0.008844089447591269,
    "ACC": 0.02063405764952432,
    "CAG": 0.018444814785536476,
    "CCA": 0.012799891586499293,
    "CTG": 0.029221633010620328,
    "GAT": 0.037388138078790156,
    "GCA": 0.019390206324443535,
    "ACG": 0.011301139471064727,
    "CTC": 0.01458097052669279,
    "GTT": 0.016592750815117876,
    "CCT": 0.011254353882961818,
    "TGT": 0.00570622845241341,
    "CAC": 0.010667114087463236,
    "CGT": 0.020313011717369874,
    "AGC": 0.014034063134731201,
    "ACA": 0.0075728120881053285,
    "ACT": 0.013012846677174603,
    "GGG": 0.008615001395501162,
    "TAC": 0.014271217667528705,
    "TAT": 0.015757063413831433,
    "CCG": 0.010749392190678697,
    "CGA": 0.005231919386818403,
    "TCA": 0.010492878104183439,
    "CGG": 0.002803908693891577,
    "ATA": 0.0035508648073966404,
    "TAA": 0.0,
    "GGA": 0.007446974989069918,
    "TGC": 0.004138104602895222,
    "AGA": 0.0025344882382644807,
    "AGG": 0.0008389139935694016,
    "TGA": 0.0,
    "TAG": 0.0
  },
  "codon_start_p": {
    "ATG": 0.8876523582405935,
    "GTG": 0.07472178060413355,
    "TTG": 0.03762586115527292
  },
  "codon_end_p": {
    "TAA": 0.643879173290938,
    "TGA": 0.1897191308956015,
    "TAG": 0.1664016958134605
  }
}