{
  "ig_nucleotides_freq": {
    "A": 0.2656,
    "C": 0.2435,
    "T": 0.265,
    "G": 0.2259
  },
  "g_codons_freq": {
    "ATG": 0.0226,
    "AAT": 0.0169,
    "GCG": 0.0234,
    "TTC": 0.0137,
    "AAA": 0.0297,
    "TTA": 0.0167,
    "GTA": 0.0114,
    "CAT": 0.0128,
    "TCT": 0.012,
    "AAG": 0.0222,
    "ATT": 0.0219,
    "AAC": 0.0188,
    "TTT": 0.0226,
    "TTG": 0.0241,
    "TCG": 0.0144,
    "TCC": 0.0082,
    "ATC": 0.0197,
    "GGT": 0.0181,
    "TGG": 0.0221,
    "GAC": 0.0105,
    "CAA": 0.025,
    "GCC": 0.017,
    "GTC": 0.0114,
    "CCC": 0.0066,
    "AGT": 0.0124,
    "GGC": 0.0184,
    "GCT": 0.0195,
    "GAA": 0.0238,
    "CGC": 0.0181,
    "GAG": 0.0144,
    "CTT": 0.0147,
    "GTG": 0.0219,
    "CTA": 0.0093,
    "ACC": 0.0159,
    "CAG": 0.0165,
    "CCA": 0.0155,
    "CTG": 0.0211,
    "GAT": 0.0244,
    "GCA": 0.0199,
    "ACG": 0.0125,
    "CTC": 0.0127,
    "GTT": 0.0169,
    "CCT": 0.0102,
    "TGT": 0.012,
    "CAC": 0.0129,
    "CGT": 0.0148,
    "AGC": 0.0183,
    "ACA": 0.0121,
    "ACT": 0.0136,
    "GGG": 0.009,
    "TAC": 0.0128,
    "TAT": 0.0135,
    "CCG": 0.0128,
    "CGA": 0.0132,
    "TCA": 0.0168,
    "CGG": 0.0111,
    "ATA": 0.0084,
    "TAA": 0.009,
    "GGA": 0.0093,
    "TGC": 0.0171,
    "AGA": 0.0112,
    "AGG": 0.0067,
    "TGA": 0.0194,
    "TAG": 0.0061
  },
  "average_length_ig": 1289.5180505415162,
  "average_length_g": 1125.248043347381
}