{
  "ig_nucleotides_freq": {
    "A": 0.265605439396336,
    "C": 0.24348642833846357,
    "T": 0.26500399639974076,
    "G": 0.22590413586545968
  },
  "g_codons_freq": {
    "AAT": 0.01649431631131509,
    "GCG": 0.023506135543549127,
    "TTC": 0.013812234938709115,
    "AAA": 0.029378635011005894,
    "TTA": 0.016618576398974936,
    "GTA": 0.011328646952884448,
    "CAT": 0.01286979479334095,
    "TCT": 0.012004815481838661,
    "AAG": 0.022258693364834072,
    "ATT": 0.021937553657765126,
    "AAC": 0.018889147091668442,
    "TTT": 0.022712161996423893,
    "TTG": 0.02410161570389305,
    "TCG": 0.014494858537152152,
    "TCC": 0.008231827365621591,
    "ATC": 0.019783174215870433,
    "GGT": 0.01815488293731482,
    "TGG": 0.02223287308687878,
    "GAC": 0.010563721218458917,
    "CAA": 0.025127971752615916,
    "GCC": 0.01712368558647534,
    "GTC": 0.011423859227844588,
    "ATG": 0.021545408186319125,
    "CCC": 0.006669700549326413,
    "AGT": 0.012309817515185551,
    "GGC": 0.01849377408547803,
    "GCT": 0.0195782257596003,
    "GAA": 0.023846640459084543,
    "CGC": 0.018203295958480994,
    "GAG": 0.014514223745618622,
    "CTT": 0.014770812757799338,
    "GTG": 0.021923029751415274,
    "CTA": 0.00921783923003931,
    "ACC": 0.016023096238631008,
    "CAG": 0.01656370830831994,
    "CCA": 0.015543807329085897,
    "CTG": 0.02117908299282842,
    "GAT": 0.024366273552934796,
    "GCA": 0.01997198499841851,
    "ACG": 0.012593840572693764,
    "CTC": 0.012776196285753017,
    "GTT": 0.016912282060716384,
    "CCT": 0.010224830070295707,
    "TGT": 0.011988677808116605,
    "CAC": 0.012956938231440061,
    "CGT": 0.014890231543342564,
    "AGC": 0.018422768321100978,
    "ACA": 0.012188784962270119,
    "ACT": 0.013599217645577954,
    "GGG": 0.009037097284352267,
    "TAC": 0.012876249862829774,
    "TAT": 0.013533053183317519,
    "CCG": 0.012894001303924037,
    "CGA": 0.013278077938509008,
    "TCA": 0.016870324109039034,
    "CGG": 0.011120470961869905,
    "ATA": 0.008318970803720701,
    "TAA": 0.008241509969854826,
    "GGA": 0.009308210202882835,
    "TGC": 0.01719469135085239,
    "AGA": 0.011096264451286818,
    "AGG": 0.006727796174725821,
    "TGA": 0.019310340375814146,
    "TAG": 0.005869271932712356
  },
  "average_length_ig": 1290,
  "average_length_g": 1125,
  "codon_start_p": {
    "ATG": 0.4340758579169175,
    "GTG": 0.03431667670078266,
    "AAA": 0.1806140878988561,
    "GAA": 0.041541240216736906,
    "AGA": 0.048163756773028296,
    "AAT": 0.1547260686333534,
    "GAT": 0.03371462974111981,
    "ATT": 0.010836845273931367,
    "AAG": 0.01625526791089705,
    "GTT": 0.004214328717639976,
    "AGT": 0.013847080072245636,
    "AGG": 0.005418422636965683,
    "TTG": 0.01926550270921132,
    "GAG": 0.001806140878988561,
    "GGT": 0.0012040939193257074
  },
  "codon_end_p": {
    "TAA": 0.31547260686333534,
    "TGA": 0.0650210716435882,
    "CTT": 0.02107164358819988,
    "ACT": 0.021673690547862733,
    "CAT": 0.014449127031908489,
    "GAT": 0.011438892233594221,
    "GTT": 0.023479831426851294,
    "ATT": 0.021673690547862733,
    "TAT": 0.013847080072245636,
    "TGT": 0.02107164358819988,
    "GCT": 0.018663455749548464,
    "CCT": 0.010234798314268514,
    "AGT": 0.03371462974111981,
    "ATA": 0.054786273329319686,
    "GTA": 0.03913305237808549,
    "CTG": 0.009030704394942806,
    "CTA": 0.044551475015051176,
    "TTA": 0.050571944611679714,
    "TTG": 0.00963275135460566,
    "TAG": 0.08248043347381095,
    "TCT": 0.017459361830222758,
    "CGT": 0.012040939193257074,
    "AAT": 0.048163756773028296,
    "TTT": 0.018061408789885613,
    "GTG": 0.008428657435279952,
    "GGT": 0.007826610475617099,
    "ATG": 0.006020469596628537
  }
}